{
	"format_version": "1.10.0",
	"particle_effect": {
		"description": {
			"identifier": "snowstorm:electric_gun",
			"basic_render_parameters": {
				"material": "particles_alpha",
				"texture": "textures/particles/electric"
			}
		},
		"components": {
			"minecraft:emitter_rate_steady": {
				"spawn_rate": 10,
				"max_particles": 1000
			},
			"minecraft:emitter_lifetime_once": {
				"active_time": 0.2
			},
			"minecraft:emitter_shape_sphere": {
				"radius": 0.5,
				"direction": "outwards"
			},
			"minecraft:particle_lifetime_expression": {
				"max_lifetime": "Math.random(1, 1.4)"
			},
			"minecraft:particle_initial_speed": 0.2,
			"minecraft:particle_motion_parametric": {},
			"minecraft:particle_appearance_billboard": {
				"size": [0.7, 0.7],
				"facing_camera_mode": "lookat_xyz",
				"uv": {
					"texture_width": 20,
					"texture_height": 512,
					"flipbook": {
						"base_UV": [0, 0],
						"size_UV": [30, 30],
						"step_UV": [0, 16],
						"frames_per_second": 60,
						"max_frame": 60,
						"stretch_to_lifetime": true
					}
				}
			},
			"minecraft:particle_appearance_tinting": {
				"color": [1, 1, 1, 1]
			}
		}
	}
}