{
	"format_version": "1.10.0",
	"particle_effect": {
		"description": {
			"identifier": "snowstorm:ice",
			"basic_render_parameters": {
				"material": "particles_blend",
				"texture": "textures/particles/ice"
			}
		},
		"components": {
			"minecraft:emitter_rate_steady": {
				"spawn_rate": 200,
				"max_particles": 1000
			},
			"minecraft:emitter_lifetime_once": {
				"active_time": 3
			},
			"minecraft:emitter_shape_box": {
				"offset": [0, 0.9, 0],
				"half_dimensions": [0.1, 0.1, 0.1]
			},
			"minecraft:particle_lifetime_expression": {
				"max_lifetime": "Math.random(1, 1.4)"
			},
			"minecraft:particle_initial_speed": 1,
			"minecraft:particle_motion_dynamic": {},
			"minecraft:particle_appearance_billboard": {
				"size": [0.3, 0.3],
				"facing_camera_mode": "lookat_xyz",
				"uv": {
					"texture_width": 16,
					"texture_height": 512,
					"flipbook": {
						"base_UV": [0, 0],
						"size_UV": [16, 16],
						"step_UV": [0, 0]
					}
				}
			},
			"minecraft:particle_motion_collision": {
				"expire_on_contact": true
			}
		}
	}
}