{
    "format_version": "1.10.0",
    "minecraft:client_entity": {
        "description": {
            "identifier": "en:rod",
            "materials": {
                "default": "zombie"
            },
            "textures": {
                "default": "textures/entities/rod"
            },
            "geometry": {
                "default": "geometry.rod"
            },
            "animations": {
                "walk": "animation.rod.move",
                "cooldown": "animation.rod.attacking",
                "move": "controller.animation.lilcraft.move"
            },
            "scripts": {
                "animate": [
                              {"cooldown": "query.variant == 1"},
                    "move"
                ],
                "pre_animation": [
                    "variable.attack = Math.sin(variable.attack_time * 30.0);"
                ]
            },
            "render_controllers": [
                "controller.render.default"
            ],
			"spawn_egg": {
        "texture": "spawn",
        "texture_index": 0
            }
        }
    }
}