{
    "format_version": "1.10.0",
    "minecraft:client_entity": {
        "description": {
            "identifier": "en:roostel",
            "materials": {
                "default": "zombie"
            },
            "textures": {
                "default": "textures/entities/roostel"
            },
            "geometry": {
                "default": "geometry.roostel"
            },
            "animations": {
                "walk": "animation.roostel.move",
        "idle": "animation.roostel.idle",
                "cooldown": "/////",
                "move": "controller.animation.test"
            },
            "scripts": {
                "animate": [

                              {"idle": "query.variant == 1"},
                    "move"
                ],
                "pre_animation": [
                    "variable.attack = Math.sin(variable.attack_time * 30.0);"
                ]
            },
            "render_controllers": [
                "controller.render.default"
            ],
			"spawn_egg": {
        "texture": "spawn",
        "texture_index": 0
            }
        }
    }
}