{
    "format_version": "1.10.0",
    "minecraft:client_entity": {
        "description": {
            "identifier": "en:sister_matilda_rest",
            "materials": {
                "default": "zombie"
            },
            "textures": {
                "default": "textures/entities/sister_matilda"
            },
            "geometry": {
                "default": "geometry.sister_matilda"
            },
            "animations": {
                "walk": "lll",
        "idle": "animation.sister_matilda.slap",
                "cooldown": "lll",
                "move": "lll"
            },
            "scripts": {
                "animate": [

                              {"idle": "query.variant == 1"},
                    "move", "idle"
                ],
                "pre_animation": [
                    "variable.attack = Math.sin(variable.attack_time * 30.0);"
                ]
            },
            "render_controllers": [
                "controller.render.default"
            ],
			"spawn_egg": {
        "texture": "spawn",
        "texture_index": 0
            }
        }
    }
}