{
    "format_version": "1.10.0",
    "minecraft:entity": {
        "description": {
            "scripts": {
                "animate": [
                    "rider"
                ]
            },
            "animations": {
                "rider": "controller.animation.rider"
            },
            "identifier": "en:rod_morph",
            "is_spawnable": true,
            "is_summonable": true,
            "is_experimental": false
        },
        "components": {
            "minecraft:type_family": {
                "family": [
                    "monster"
                ]
            },
            "minecraft:collision_box": {
                "width": 2.5,
                "height": 5
            },
            "minecraft:scale": {
                "value": 0.29
            },
            "minecraft:fall_damage": {
                "value": 0
            },
            "minecraft:is_stackable": {},
            "minecraft:push_through": {
                "value": 1
            },
            "minecraft:health": {
                "value": {
                    "range_min": 40,
                    "range_max": 40
                }
            },
            "minecraft:navigation.walk": {
                "can_float": false
            },
            "minecraft:movement.basic": {},
			"minecraft:jump.static": {},
			"minecraft:nameable": {},
			"minecraft:horse.jump_strength": {
				"value": 1
            },
            "minecraft:movement": {
                "value": 0.2
            },
            "minecraft:damage_sensor": [
                {
                    "on_damage": {
                        "filters": {
                            "test": "is_riding",
                            "subject": "player"
                        }
                    },
                    "deals_damage": false
                },
                {
                    "on_damage": {
                        "filters": {
                            "test": "is_family",
                            "subject": "other",
                            "value": "villager"
                        }
                    },
                    "deals_damage": false
                }
            ],
            "minecraft:fire_immune": true,
            "minecraft:rideable": {
                "seat_count": 1,
                "rider_can_interact": true,
                "crouching_skip_interact": true,
                "family_types": [
                    "player"
                ],
                "interact_text": "Enter",
                "seats": {
                    "position": [
                        0,
                        1.5,
                        1.1
                    ]
                }
            },
            "minecraft:knockback_resistance": {
                "value": 0
            },
            "minecraft:physics": {
                "has_gravity": true
            },
            "minecraft:is_saddled": {},
				"minecraft:input_ground_controlled": {},
				"minecraft:can_power_jump": {}
        },
        "events": {
            "main:shoot": {
                "add": {
                    "component_groups": [
                        "main:shoot"
                    ]
                }
            },
            "main:stop_shoot": {
                "remove": {
                    "component_groups": [
                        "main:shoot"
                    ]
                }
            },
            "minecraft:entity_spawned": {
                "add": {
                    "component_groups": [
                        "gw:plant_ready"
                    ]
                }
            },
            "minecraft:entity_transformed": {
                "add": {
                    "component_groups": [
                        "gw:plant_ready"
                    ]
                }
            },
            "rw:robot_normal": {
                "remove": {
                    "component_groups": [
                        "gw:plant_ready"
                    ]
                }
            },
            "gw:plant_cooldown": {
                "add": {
                    "component_groups": [
                        "gw:plant_cooldowners"
                    ]
                },
                "remove": {
                    "component_groups": [
                        "gw:plant_ready"
                    ]
                }
            },
            "gw:plant_cooldown2": {
                "add": {
                    "component_groups": [
                        "gw:plant_cooldowners2"
                    ]
                },
                "remove": {
                    "component_groups": [
                        "gw:plant_ready"
                    ]
                }
            },
            "gw:plant_ready": {
                "add": {
                    "component_groups": [
                        "gw:plant_ready"
                    ]
                },
                "remove": {
                    "component_groups": [
                        "gw:plant_cooldowners"
                    ]
                }
            },
            "minecraft:repair": {
                "add": {
                    "component_groups": [
                        "minecraft:repair"
                    ]
                }
            },
            "minecraft:upgrade": {
                "add": {
                    "component_groups": [
                        "minecraft:upgrade"
                    ]
                }
            },
            "minecraft:event_spawn_dead": {
                "add": {
                    "component_groups": [
                        "minecraft:is_dead"
                    ]
                }
            }
        }
    }
}