{
	"format_version": "1.12.0",
	"minecraft:geometry": [
		{
			"description": {
				"identifier": "geometry.cabinet_mob",
				"texture_width": 128,
				"texture_height": 128,
				"visible_bounds_width": 5,
				"visible_bounds_height": 8,
				"visible_bounds_offset": [0, 3, 0]
			},
			"bones": [
				{
					"name": "main",
					"pivot": [0, 0, 0]
				},
				{
					"name": "bone5",
					"parent": "main",
					"pivot": [0, 0, 0]
				},
				{
					"name": "bone4",
					"parent": "bone5",
					"pivot": [50, 0, 0],
					"cubes": [
						{"origin": [-24, 92, -14], "size": [48, 2, 27], "uv": [0, 75]},
						{"origin": [-24, 0, -14], "size": [48, 2, 10], "uv": [0, 74]},
						{"origin": [-24, 0, -4], "size": [48, 2, 10], "uv": [0, 74]},
						{"origin": [-24, 0, 6], "size": [48, 2, 6], "uv": [0, 74]}
					]
				},
				{
					"name": "bone3",
					"parent": "bone5",
					"pivot": [50, 0, 0],
					"cubes": [
						{"origin": [24, 0, -14], "size": [2, 94, 28], "uv": [0, 0]}
					]
				},
				{
					"name": "bone",
					"parent": "bone5",
					"pivot": [0, 0, 0],
					"cubes": [
						{"origin": [-24, 0, 12], "size": [48, 94, 2], "uv": [0, 0]}
					]
				},
				{
					"name": "bone2",
					"parent": "bone5",
					"pivot": [0, 0, 0],
					"cubes": [
						{"origin": [-26, 0, -14], "size": [2, 94, 28], "uv": [0, 0]}
					]
				},
				{
					"name": "doors",
					"parent": "main",
					"pivot": [-25, 47, -15],
					"rotation": [0, 20, 0],
					"cubes": [
						{"origin": [-26, 0, -16], "size": [26, 94, 2], "uv": [0, 0]},
						{"origin": [-1, 0, -16.4], "size": [2, 94, 2], "uv": [111, 21]}
					]
				},
				{
					"name": "doors5",
					"parent": "doors",
					"pivot": [-25, 47, -17],
					"cubes": [
						{"origin": [-26, 0, -16.4], "size": [2, 94, 2], "uv": [121, 0]}
					]
				},
				{
					"name": "doors6",
					"parent": "doors",
					"pivot": [-9, 47, -17],
					"cubes": [
						{"origin": [-8, 44, -16.4], "size": [4, 10, 2], "uv": [110, 42]},
						{"origin": [-24, 92, -16.4], "size": [24, 2, 2], "uv": [104, 119]},
						{"origin": [-24, 0, -16.4], "size": [24, 2, 2], "uv": [104, 126]}
					]
				},
				{
					"name": "doors2",
					"parent": "main",
					"pivot": [25, 47, -15],
					"cubes": [
						{"origin": [0, 0, -16], "size": [26, 94, 2], "uv": [0, 0]}
					]
				},
				{
					"name": "doors3",
					"parent": "doors2",
					"pivot": [25, 47, -15],
					"cubes": [
						{"origin": [24, 0, -16.4], "size": [2, 94, 2], "uv": [111, 14]},
						{"origin": [-1, 0, -16.4], "size": [2, 94, 2], "uv": [111, 21]},
						{"origin": [2, 44, -16.4], "size": [4, 10, 2], "uv": [114, 51]}
					]
				},
				{
					"name": "doors4",
					"parent": "doors2",
					"pivot": [25, 47, -15],
					"cubes": [
						{"origin": [0, 92, -16.4], "size": [24, 2, 2], "uv": [104, 126]},
						{"origin": [0, 0, -16.4], "size": [24, 2, 2], "uv": [104, 126]}
					]
				}
			]
		}
	]
}