{
	"format_version": "1.12.0",
	"minecraft:geometry": [
		{
			"description": {
				"identifier": "geometry.sister_matilda",
				"texture_width": 288,
				"texture_height": 288,
				"visible_bounds_width": 7,
				"visible_bounds_height": 9,
				"visible_bounds_offset": [0, 3.5, 0]
			},
			"bones": [
				{
					"name": "evil_nun",
					"pivot": [0, -3, 0]
				},
				{
					"name": "body",
					"parent": "evil_nun",
					"pivot": [0, -3, 0]
				},
				{
					"name": "upper",
					"parent": "body",
					"pivot": [0, -3, 0]
				},
				{
					"name": "torso",
					"parent": "upper",
					"pivot": [0, 55, 0],
					"cubes": [
						{"origin": [-16.22309, 84.11411, 0], "size": [17, 1, 4], "pivot": [2.50334, 66.75438, 0.67295], "rotation": [0, 0, -2.5], "uv": [224, 157]},
						{"origin": [-16.22309, 83.61411, -1], "size": [17, 1, 6], "pivot": [2.50334, 66.75438, 0.67295], "rotation": [0, 0, -2.5], "uv": [228, 211]},
						{"origin": [-0.77215, 83.39573, -1], "size": [17, 1, 6], "pivot": [2.50334, 66.75438, 0.67295], "rotation": [0, 0, 2.5], "uv": [224, 150]},
						{"origin": [-8.5, 83.02042, 0.72488], "size": [17, 2, 6], "pivot": [2.50334, 66.75438, 0.67295], "rotation": [12.5, 0, 0], "uv": [211, 2]},
						{"origin": [-12.5, 82.04413, 0.50844], "size": [25, 2, 6], "pivot": [2.50334, 66.75438, 0.67295], "rotation": [12.5, 0, 0], "uv": [162, 53]},
						{"origin": [-14.5, 81.06783, 0.292], "size": [29, 2, 6], "pivot": [2.50334, 66.75438, 0.67295], "rotation": [12.5, 0, 0], "uv": [136, 103]},
						{"origin": [-12.5, 80.49374, 3.83082], "size": [25, 2, 4], "pivot": [2.50334, 66.75438, 0.67295], "rotation": [37.5, 0, 0], "uv": [191, 38]},
						{"origin": [-12.5, 79.72099, -10.13619], "size": [25, 2, 4], "pivot": [2.50334, 66.75438, 0.67295], "rotation": [-60, 0, 0], "uv": [162, 61]},
						{"origin": [-14.5, 78.35497, -9.77017], "size": [29, 2, 4], "pivot": [2.50334, 66.75438, 0.67295], "rotation": [-60, 0, 0], "uv": [153, 47]},
						{"origin": [-14.5, 79.09162, 4.01541], "size": [29, 2, 4], "pivot": [2.50334, 66.75438, 0.67295], "rotation": [37.5, 0, 0], "uv": [148, 143]},
						{"origin": [-11.5, 76.80613, 9.27743], "size": [23, 2, 2], "pivot": [2.50334, 66.75438, 0.67295], "rotation": [67.5, 0, 0], "uv": [191, 79]},
						{"origin": [-10.5, 74.31127, -12.70725], "size": [21, 2, 5], "pivot": [2.50334, 66.75438, 0.67295], "rotation": [-90, 0, 0], "uv": [201, 98]},
						{"origin": [-11.5, 61.31127, -14.70725], "size": [23, 13, 9], "pivot": [2.50334, 66.75438, 0.67295], "rotation": [-90, 0, 0], "uv": [98, 48]},
						{"origin": [-12.5, 62.31127, -14.70725], "size": [25, 11, 9], "pivot": [2.50334, 66.75438, 0.67295], "rotation": [-90, 0, 0], "uv": [65, 28]},
						{"origin": [-9.5, 60.31127, -7.70725], "size": [19, 15, 11], "pivot": [2.50334, 66.75438, 0.67295], "rotation": [-90, 0, 0], "uv": [106, 0]},
						{"origin": [-10.5, 61.31127, -7.70725], "size": [21, 13, 11], "pivot": [2.50334, 66.75438, 0.67295], "rotation": [-90, 0, 0], "uv": [42, 0]},
						{"origin": [-6.5, 60.31127, 3.29275], "size": [14, 15, 9], "pivot": [2.50334, 66.75438, 0.67295], "rotation": [-90, 0, 0], "uv": [116, 167]},
						{"origin": [-7.5, 61.31127, 1.29275], "size": [16, 13, 11], "pivot": [2.50334, 66.75438, 0.67295], "rotation": [-90, 0, 0], "uv": [105, 142]},
						{"origin": [-13.5, 75.49956, 8.73623], "size": [27, 2, 2], "pivot": [2.50334, 66.75438, 0.67295], "rotation": [67.5, 0, 0], "uv": [42, 24]},
						{"origin": [-10.5, 73.13642, 6.88046], "size": [21, 2, 6], "pivot": [2.50334, 66.75438, 0.67295], "rotation": [87.5, 0, 0], "uv": [193, 167]},
						{"origin": [-12.5, 72.13737, 6.92408], "size": [25, 2, 6], "pivot": [2.50334, 66.75438, 0.67295], "rotation": [87.5, 0, 0], "uv": [161, 87]},
						{"origin": [-12.5, 82.83502, -1.59506], "size": [25, 2, 6], "pivot": [2.50334, 66.75438, 0.67295], "rotation": [-12.5, 0, 0], "uv": [155, 0]},
						{"origin": [-14.5, 81.85872, -1.37862], "size": [29, 2, 6], "pivot": [2.50334, 66.75438, 0.67295], "rotation": [-12.5, 0, 0], "uv": [136, 95]},
						{"origin": [-8.5, 83.81132, -1.8115], "size": [17, 2, 6], "pivot": [2.50334, 66.75438, 0.67295], "rotation": [-12.5, 0, 0], "uv": [56, 48]},
						{"origin": [-0.77215, 83.89573, 0], "size": [17, 1, 4], "pivot": [2.50334, 66.75438, 0.67295], "rotation": [0, 0, 2.5], "uv": [45, 111]}
					]
				},
				{
					"name": "arms",
					"parent": "torso",
					"pivot": [0, -3, 0]
				},
				{
					"name": "arm1",
					"parent": "arms",
					"pivot": [14, 79, 2]
				},
				{
					"name": "limbs",
					"parent": "arm1",
					"pivot": [0, -3, 0]
				},
				{
					"name": "limb1",
					"parent": "limbs",
					"pivot": [13, 80, 0],
					"rotation": [0, 0, 5],
					"cubes": [
						{"origin": [13.68063, 62.28094, -3], "size": [9, 12, 9.5], "pivot": [2.50334, 66.75438, 0.67295], "rotation": [0, 0, -30], "uv": [214, 13]}
					]
				},
				{
					"name": "limb2",
					"parent": "limb1",
					"pivot": [18.3942, 70.92632, 0.75],
					"cubes": [
						{"origin": [15.28839, 53.85265, -2], "size": [7, 12, 7], "pivot": [2.50334, 66.75438, 0.67295], "rotation": [0, 0, -20], "uv": [240, 184]}
					]
				},
				{
					"name": "limb3",
					"parent": "limb2",
					"pivot": [23, 61, 2],
					"rotation": [0, 0, -7.5],
					"cubes": [
						{"origin": [20.85733, 42.5516, -2], "size": [7, 1, 7], "uv": [238, 122]},
						{"origin": [17.61184, 40.44074, -2], "size": [7, 18, 7], "pivot": [2.50334, 66.75438, 0.67295], "rotation": [0, 0, -7.5], "uv": [80, 219]}
					]
				},
				{
					"name": "hand",
					"parent": "limb3",
					"pivot": [0, -3, 0],
					"cubes": [
						{"origin": [25, 37, -1], "size": [2, 4, 5], "uv": [56, 56]},
						{"origin": [24, 37, -1], "size": [3, 2, 5], "uv": [88, 95]},
						{"origin": [22, 41, -1], "size": [5, 2, 5], "uv": [95, 0]},
						{"origin": [22, 39, -1], "size": [2, 4, 2], "uv": [20, 25]}
					]
				},
				{
					"name": "arm2",
					"parent": "arms",
					"pivot": [-13, 79, 0],
					"rotation": [0, 0, -10]
				},
				{
					"name": "limbs2",
					"parent": "arm2",
					"pivot": [0, -3, 0]
				},
				{
					"name": "limb4",
					"parent": "limbs2",
					"pivot": [-14, 78, 0],
					"cubes": [
						{"origin": [-22.00986, 59.7776, -3.5], "size": [9, 12, 9.5], "pivot": [2.50334, 66.75438, 0.67295], "rotation": [0, 0, 30], "uv": [202, 175]}
					]
				},
				{
					"name": "limb5",
					"parent": "limb4",
					"pivot": [-18.5536, 71.09528, 0.75],
					"rotation": [0, 0, 12.5],
					"cubes": [
						{"origin": [-22.6072, 56.19055, -2], "size": [7, 12, 7], "pivot": [2.50334, 66.75438, 0.67295], "rotation": [0, 0, 10], "uv": [239, 76]}
					]
				},
				{
					"name": "limb6",
					"parent": "limb5",
					"pivot": [-20, 60, 1]
				},
				{
					"name": "limb7",
					"parent": "limb6",
					"pivot": [-20, 59, 2],
					"cubes": [
						{"origin": [-24.0601, 41.71144, -2], "size": [7, 19, 7], "uv": [0, 0]}
					]
				},
				{
					"name": "hand2",
					"parent": "limb7",
					"pivot": [4, -4, 0],
					"cubes": [
						{"origin": [-23.5, 34, -1], "size": [2.5, 6, 5], "uv": [0, 37]},
						{"origin": [-23, 34, -1], "size": [5, 2, 5], "uv": [40, 40]},
						{"origin": [-23.5, 40, -1], "size": [5.5, 2, 5], "uv": [0, 25]},
						{"origin": [-20, 38, -1], "size": [2, 4, 2], "uv": [21, 0]}
					]
				},
				{
					"name": "head",
					"parent": "torso",
					"pivot": [0, -4, 0]
				},
				{
					"name": "headstructure",
					"parent": "head",
					"pivot": [0, 91.65035, 1.48125],
					"cubes": [
						{"origin": [-8, 99.8384, 10.06845], "size": [16, 10, 4], "pivot": [2.50334, 66.75438, 0.67295], "rotation": [7.5, 0, 0], "uv": [228, 228]},
						{"origin": [-8, 92.56709, 0.99803], "size": [16, 10, 4], "pivot": [2.50334, 66.75438, 0.67295], "rotation": [-7.5, 0, 0], "uv": [224, 136]},
						{"origin": [-8, 105, -7], "size": [16, 6, 16], "uv": [40, 89]},
						{"origin": [-7, 105, -7.5], "size": [14, 6, 17], "uv": [0, 111]},
						{"origin": [-7, 99.43005, 0.54169], "size": [14, 11, 14], "pivot": [2.50334, 66.75438, 0.67295], "rotation": [7.5, 0, 0], "uv": [0, 134]},
						{"origin": [-7, 90.984, -8.39821], "size": [14, 11, 14], "pivot": [2.50334, 66.75438, 0.67295], "rotation": [-7.5, 0, 0], "uv": [116, 117]},
						{"origin": [-7, 111, -6.5], "size": [14, 1, 15], "uv": [144, 151]},
						{"origin": [-6, 111, -7], "size": [12, 1, 16], "uv": [156, 126]},
						{"origin": [-8, 111, -5.5], "size": [16, 1, 13], "uv": [158, 111]},
						{"origin": [-6, 112, -5.5], "size": [12, 1, 13], "uv": [187, 149]},
						{"origin": [-4, 113, -3.5], "size": [8, 1, 9], "uv": [228, 218]},
						{"origin": [-5, 113, -2.5], "size": [10, 1, 7], "uv": [0, 103]},
						{"origin": [-3, 113, -4.5], "size": [6, 1, 11], "uv": [238, 34]},
						{"origin": [-7, 112, -4.5], "size": [14, 1, 11], "uv": [191, 67]},
						{"origin": [-5, 112, -6.5], "size": [10, 1, 15], "uv": [179, 22]},
						{"origin": [-8.5, 105, -6.5], "size": [17, 6, 15], "uv": [97, 74]},
						{"origin": [-8.5, 102, -3.5], "size": [17, 9, 12], "uv": [133, 26]},
						{"origin": [-8.5, 91, -1.5], "size": [17, 20, 10], "uv": [62, 117]},
						{"origin": [-8.5, 84.34616, -34.03596], "size": [17, 3, 8], "pivot": [2.50334, 66.75438, 0.67295], "rotation": [-52.5, 0, 0], "uv": [196, 125]},
						{"origin": [-8.5, 75.82208, 22.86034], "size": [17, 4, 10], "pivot": [2.50334, 66.75438, 0.67295], "rotation": [72.5, 0, 0], "uv": [166, 8]},
						{"origin": [-7, 92, -6], "size": [14, 19, 14], "uv": [56, 56]},
						{"origin": [-6, 92, -7], "size": [12, 19, 16], "uv": [0, 37]},
						{"origin": [-11.59501, 97.75248, -2.92664], "size": [5, 3, 0], "pivot": [2.50334, 66.75438, 0.67295], "rotation": [10, 0, 10], "uv": [42, 0]},
						{"origin": [6.67108, 98.60867, -2.77567], "size": [5, 3, 0], "pivot": [2.50334, 66.75438, 0.67295], "rotation": [10, 0, -10], "uv": [40, 37]},
						{"origin": [-1, 99, -9], "size": [2, 1, 1], "uv": [0, 0]},
						{"origin": [12.08067, 99.38395, -1.40242], "size": [1, 1, 12], "pivot": [2.50334, 66.75438, 0.67295], "rotation": [10, 7.5, -10], "uv": [172, 245]},
						{"origin": [-13.09295, 98.58816, -1.89598], "size": [1, 1, 12], "pivot": [2.50334, 66.75438, 0.67295], "rotation": [10, -7.5, 10], "uv": [146, 245]},
						{"origin": [-8, 92, -5], "size": [16, 19, 12], "uv": [0, 72]}
					]
				},
				{
					"name": "neck",
					"parent": "head",
					"pivot": [0, -4, 0],
					"cubes": [
						{"origin": [-3.5, 83.92142, -1.55273], "size": [7, 9, 8], "pivot": [2.50334, 66.75438, 0.67295], "rotation": [2.5, 0, 0], "uv": [128, 239]},
						{"origin": [-3, 83.92142, -2.05273], "size": [6, 9, 9], "pivot": [2.50334, 66.75438, 0.67295], "rotation": [2.5, 0, 0], "uv": [238, 166]},
						{"origin": [-4, 83.92142, -1.05273], "size": [8, 9, 7], "pivot": [2.50334, 66.75438, 0.67295], "rotation": [2.5, 0, 0], "uv": [0, 241]}
					]
				},
				{
					"name": "lower",
					"parent": "upper",
					"pivot": [0, -3, 0]
				},
				{
					"name": "dress",
					"parent": "lower",
					"pivot": [0, -3, 0],
					"cubes": [
						{"origin": [-1.43815, 7.52014, -4.73317], "size": [8, 46, 2], "pivot": [2.50334, 66.75438, 0.67295], "rotation": [-5, -22.5, 0], "uv": [176, 197]},
						{"origin": [-2.07115, 7.38695, 5.60144], "size": [8, 46, 2], "pivot": [2.50334, 66.75438, 0.67295], "rotation": [5, 22.5, 0], "uv": [156, 197]},
						{"origin": [-2.85811, 7.42965, 5.11338], "size": [8, 46, 2], "pivot": [2.50334, 66.75438, 0.67295], "rotation": [5, 62.5, 0], "uv": [60, 196]},
						{"origin": [-1.98528, 7.1199, 8.65382], "size": [8, 46, 2], "pivot": [2.50334, 66.75438, 0.67295], "rotation": [5, -62.5, 0], "uv": [40, 196]},
						{"origin": [-2.22941, 7.55472, 3.68387], "size": [8, 46, 2], "pivot": [2.50334, 66.75438, 0.67295], "rotation": [5, 122.5, 0], "uv": [20, 193]},
						{"origin": [1.38887, 7.2602, 7.05021], "size": [8, 46, 2], "pivot": [2.50334, 66.75438, 0.67295], "rotation": [5, -122.5, 0], "uv": [0, 193]},
						{"origin": [-6.79913, 7.00428, -1], "size": [2, 46, 7], "pivot": [2.50334, 66.75438, 0.67295], "rotation": [0, 0, 5], "uv": [98, 166]},
						{"origin": [4.81818, 7.44064, -1], "size": [2, 46, 7], "pivot": [2.50334, 66.75438, 0.67295], "rotation": [0, 0, -5], "uv": [80, 162]},
						{"origin": [-6.18074, 7.35315, -6.64185], "size": [8, 46, 2], "pivot": [2.50334, 66.75438, 0.67295], "rotation": [-5, 22.5, 0], "uv": [136, 191]},
						{"origin": [-5.93042, 7.30048, 6.58976], "size": [8, 46, 2], "pivot": [2.50334, 66.75438, 0.67295], "rotation": [5, -22.5, 0], "uv": [116, 191]},
						{"origin": [-3, 7.51243, -4.82131], "size": [6, 46, 2], "pivot": [2.50334, 66.75438, 0.67295], "rotation": [-5, 0, 0], "uv": [212, 212]},
						{"origin": [-3, 7.28111, 6.81122], "size": [6, 46, 2], "pivot": [2.50334, 66.75438, 0.67295], "rotation": [5, 0, 0], "uv": [196, 197]}
					]
				},
				{
					"name": "belt",
					"parent": "dress",
					"pivot": [0, -3, 0],
					"cubes": [
						{"origin": [-8, 54, -4.8], "size": [17, 2, 13], "uv": [43, 147]},
						{"origin": [-7, 54, -5.8], "size": [15, 2, 15.1], "uv": [146, 70]}
					]
				},
				{
					"name": "feet",
					"parent": "body",
					"pivot": [0, -3, 0]
				},
				{
					"name": "leg1",
					"parent": "feet",
					"pivot": [-4, 49, 0],
					"cubes": [
						{"origin": [-8, -0.08904, -3.6147], "size": [6, 50, 5], "pivot": [2.50334, 66.75438, 0.67295], "rotation": [5, 0, 0], "uv": [131, 178]},
						{"origin": [-8, 0, -9], "size": [6, 4, 13], "uv": [224, 105]},
						{"origin": [-8, 0, -11], "size": [6, 3, 3], "uv": [45, 116]},
						{"origin": [-9, 0, -8], "size": [8, 3, 12], "uv": [212, 196]}
					]
				},
				{
					"name": "leg2",
					"parent": "feet",
					"pivot": [3, 53, 5],
					"cubes": [
						{"origin": [1, -0.08905, -3.6147], "size": [6, 50, 5], "pivot": [2.50334, 66.75438, 0.67295], "rotation": [5, 0, 0], "uv": [127, 178]},
						{"origin": [1, 0, -9], "size": [6, 4, 13], "uv": [216, 48]},
						{"origin": [1, 0, -11], "size": [6, 3, 3], "uv": [40, 47]},
						{"origin": [0, 0, -8], "size": [8, 3, 12], "uv": [211, 83]}
					]
				}
			]
		}
	]
}