{
	"format_version": "1.8.0",
	"animations": {
		"animation.gummy.down": {
			"loop": "hold_on_last_frame",
			"animation_length": 0.6,
			"bones": {
				"chicken": {
					"rotation": {
						"0.0": {
							"pre": [0, 0, 0],
							"post": [0, 0, 0],
							"lerp_mode": "catmullrom"
						},
						"0.6": {
							"pre": [-87.5, 10, 0],
							"post": [-87.5, 10, 0],
							"lerp_mode": "catmullrom"
						}
					},
					"position": {
						"0.0": {
							"pre": [0, 0, 0],
							"post": [0, 0, 0],
							"lerp_mode": "catmullrom"
						},
						"0.28": {
							"pre": [0, 15.89, 6.65],
							"post": [0, 15.89, 6.65],
							"lerp_mode": "catmullrom"
						},
						"0.6": {
							"pre": [0, 5, 15],
							"post": [0, 5, 15],
							"lerp_mode": "catmullrom"
						}
					}
				},
				"left": {
					"rotation": {
						"0.0": {
							"pre": [0, 0, 0],
							"post": [0, 0, 0],
							"lerp_mode": "catmullrom"
						},
						"0.36": {
							"pre": [-25, 40, 20],
							"post": [-25, 40, 20],
							"lerp_mode": "catmullrom"
						}
					}
				},
				"right": {
					"rotation": {
						"0.0": {
							"pre": [0, 0, 0],
							"post": [0, 0, 0],
							"lerp_mode": "catmullrom"
						},
						"0.44": {
							"pre": [0, -17.5, -25],
							"post": [0, -17.5, -25],
							"lerp_mode": "catmullrom"
						}
					}
				}
			}
		}
	}
}