{
	"format_version": "1.8.0",
	"animations": {
		"animation.gummy.move": {
			"loop": true,
			"animation_length": 0.66667,
			"bones": {
				"leftLeg": {
					"rotation": {
						"0.0": {
							"post": [20, 0, 0],
							"lerp_mode": "catmullrom"
						},
						"0.3333": {
							"post": [-20, 0, 0],
							"lerp_mode": "catmullrom"
						},
						"0.6667": {
							"post": [20, 0, 0],
							"lerp_mode": "catmullrom"
						}
					}
				},
				"rightLeg": {
					"rotation": {
						"0.0": {
							"post": [-20, 0, 0],
							"lerp_mode": "catmullrom"
						},
						"0.3333": {
							"post": [20, 0, 0],
							"lerp_mode": "catmullrom"
						},
						"0.6667": {
							"post": [-20, 0, 0],
							"lerp_mode": "catmullrom"
						}
					}
				},
				"body2": {
					"rotation": {
						"0.0": {
							"post": [0, 0, 0],
							"lerp_mode": "catmullrom"
						},
						"0.1667": {
							"post": [2.5, 0, 0],
							"lerp_mode": "catmullrom"
						},
						"0.3333": {
							"post": [0, 0, 0],
							"lerp_mode": "catmullrom"
						},
						"0.5": {
							"post": [2.5, 0, 0],
							"lerp_mode": "catmullrom"
						},
						"0.6667": {
							"post": [0, 0, 0],
							"lerp_mode": "catmullrom"
						}
					}
				},
				"left": {
					"rotation": {
						"0.0": {
							"post": [0, 0, 30],
							"lerp_mode": "catmullrom"
						},
						"0.1667": {
							"post": [0, 0, 15],
							"lerp_mode": "catmullrom"
						},
						"0.3333": {
							"post": [0, 0, 30],
							"lerp_mode": "catmullrom"
						},
						"0.5": {
							"post": [0, 0, 15],
							"lerp_mode": "catmullrom"
						},
						"0.6667": {
							"post": [0, 0, 30],
							"lerp_mode": "catmullrom"
						}
					}
				},
				"right": {
					"rotation": {
						"0.0": {
							"post": [0, 0, -30],
							"lerp_mode": "catmullrom"
						},
						"0.1667": {
							"post": [0, 0, -15],
							"lerp_mode": "catmullrom"
						},
						"0.3333": {
							"post": [0, 0, -30],
							"lerp_mode": "catmullrom"
						},
						"0.5": {
							"post": [0, 0, -15],
							"lerp_mode": "catmullrom"
						},
						"0.6667": {
							"post": [0, 0, -30],
							"lerp_mode": "catmullrom"
						}
					}
				},
				"bone4": {
					"rotation": {
						"0.0": {
							"post": [0, 5, 0],
							"lerp_mode": "catmullrom"
						},
						"0.1667": {
							"post": [0, 0, 0],
							"lerp_mode": "catmullrom"
						},
						"0.3333": {
							"post": [0, -5, 0],
							"lerp_mode": "catmullrom"
						},
						"0.5": {
							"post": [0, 0, 0],
							"lerp_mode": "catmullrom"
						},
						"0.6667": {
							"post": [0, 5, 0],
							"lerp_mode": "catmullrom"
						}
					},
					"position": {
						"0.0": {
							"post": [0, 2, 0],
							"lerp_mode": "catmullrom"
						},
						"0.1667": {
							"post": [0, 0, 0],
							"lerp_mode": "catmullrom"
						},
						"0.3333": {
							"post": [0, 2, 0],
							"lerp_mode": "catmullrom"
						},
						"0.5": {
							"post": [0, 0, 0],
							"lerp_mode": "catmullrom"
						},
						"0.6667": {
							"post": [0, 2, 0],
							"lerp_mode": "catmullrom"
						}
					}
				}
			}
		}
	}
}