{
	"format_version": "1.8.0",
	"animations": {
		"animation.mini_rod.idle": {
			"loop": true,
			"animation_length": 0.875,
			"bones": {
				"leftArm": {
					"rotation": [-77.5, 32.5, 0],
					"position": [7, 0, 0]
				},
				"limb3": {
					"rotation": {
						"0.0": [0, 0, 45],
						"0.4583": [0, 0, 40],
						"0.875": [0, 0, 50]
					},
					"position": [0, 6, 0]
				},
				"rightArm": {
					"rotation": [-52.5, 22.5, 0],
					"position": [0, 4, -11]
				},
				"limb5": {
					"rotation": [0, 0, -25]
				},
				"limb6": {
					"rotation": [0, 25, -42.5]
				},
				"limb7": {
					"position": [0, 2, 0]
				},
				"head_structure": {
					"rotation": {
						"0.0": [30, 20, 0],
						"0.2083": [27.5, 20, 0],
						"0.4167": [30, 20, 0]
					}
				}
			}
		}
	}
}